<?xml version="1.0" encoding="UTF-8"?>
<!--
  ~ Copyright (c) 2015, WSO2 Inc. (http://www.wso2.org) All Rights Reserved.
  ~
  ~   WSO2 Inc. licenses this file to you under the Apache License,
  ~   Version 2.0 (the "License"); you may not use this file except
  ~   in compliance with the License.
  ~   You may obtain a copy of the License at
  ~
  ~     http://www.apache.org/licenses/LICENSE-2.0
  ~
  ~  Unless required by applicable law or agreed to in writing,
  ~  software distributed under the License is distributed on an
  ~  "AS IS" BASIS, WITHOUT WARRANTIES OR CONDITIONS OF ANY
  ~  KIND, either express or implied.  See the License for the
  ~  specific language governing permissions and limitations
  ~  under the License.
  -->
<component name="threads" type="synapse/template">
    <subComponents>
        <component name="listAllThreads">
            <file>listAllThreads.xml</file>
            <description>List all threads</description>
        </component>
        <component name="getAThread">
            <file>getAThread.xml</file>
            <description>get an email thread</description>
        </component>
        <component name="trashThreads">
            <file>trashThreads.xml</file>
            <description>Send threads to trash</description>
        </component>
        <component name="unTrashThreads">
            <file>unTrashThreads.xml</file>
            <description>Removed threads from trash</description>
        </component>
        <component name="modifyExistingThreads">
            <file>modifyExistingThreads.xml</file>
            <description>Modify existing threads</description>
        </component>
        <component name="deleteThreads">
            <file>deleteThreads.xml</file>
            <description>delete an existing thread</description>
        </component>
    </subComponents>
</component>