<?xml version="1.0" encoding="UTF-8"?>
<!--
  ~ Copyright (c) 2015, WSO2 Inc. (http://www.wso2.org) All Rights Reserved.
  ~
  ~   WSO2 Inc. licenses this file to you under the Apache License,
  ~   Version 2.0 (the "License"); you may not use this file except
  ~   in compliance with the License.
  ~   You may obtain a copy of the License at
  ~
  ~     http://www.apache.org/licenses/LICENSE-2.0
  ~
  ~  Unless required by applicable law or agreed to in writing,
  ~  software distributed under the License is distributed on an
  ~  "AS IS" BASIS, WITHOUT WARRANTIES OR CONDITIONS OF ANY
  ~  KIND, either express or implied.  See the License for the
  ~  specific language governing permissions and limitations
  ~  under the License.
  -->
<component name="drafts" type="synapse/template">
    <subComponents>
        <component name="listDrafts">
            <file>listDrafts.xml</file>
            <description>list all drafts</description>
        </component>
        <component name="getADraft">
            <file>getADraft.xml</file>
            <description>read a particular draft</description>
        </component>
        <component name="deleteADraft">
            <file>deleteADraft.xml</file>
            <description>delete an existing draft</description>
        </component>
        <component name="createADraft">
            <file>createADraft.xml</file>
            <description>create a plain draft</description>
        </component>
        </subComponents>
    </component>