<?xml version="1.0" encoding="UTF-8"?>
<!--
    Copyright (c) $today.year, WSO2 Inc. (http://www.wso2.org) All Rights Reserved.

    WSO2 Inc. licenses this file to you under the Apache License,
    Version 2.0 (the "License"); you may not use this file except
    in compliance with the License.
    You may obtain a copy of the License at

    http://www.apache.org/licenses/LICENSE-2.0

    Unless required by applicable law or agreed to in writing,
    software distributed under the License is distributed on an
    "AS IS" BASIS, WITHOUT WARRANTIES OR CONDITIONS OF ANY
    KIND, either express or implied.  See the License for the
    specific language governing permissions and limitations
    under the License.
-->
<component name="config" type="synapse/template">
    <subComponents>
        <component name="gmailInit">
            <file>gmailinit.xml</file>
            <description>get the basic details of api</description>
        </component>
        <component name="passwordLogin">
            <file>passwordLogin.xml</file>
            <description>Login to the Gmail account using username and password
            </description>
        </component>
        <component name="endSession">
            <file>endSession.xml</file>
            <description>Terminate the existing IMAP and SMTP connections with
                Gmail</description>
        </component>
        <component name="init">
            <file>init.xml</file>
            <description>get the basic details of the attachments</description>
        </component>
    </subComponents>
</component>