<template name="gmailinit" xmlns="http://ws.apache.org/ns/synapse">
    <parameter name="access_token" description="URL of the nimble API"/>
    <parameter name="userId" description="URL of the nimble API"/>

    <sequence>
        <property name="uri.var.apiUrl" value="https://www.googleapis.com/gmail"/>
        <property name="uri.var.access_token" expression="$func:access_token"/>
        <property name="uri.var.userId" expression="$func:userId"/>
        <property name="uri.var.apiVersion" value="v1"/>
    </sequence>
</template>