<?xml version="1.0" encoding="UTF-8"?>
<template name="listInvoices" xmlns="http://ws.apache.org/ns/synapse">
		<parameter name="limit" description="The limit" />
		<parameter name="offset" description="The offset" />
		<parameter name="paidOnAfter" description="The paidOnAfter" />
		<sequence>
				<property expression="$func:limit" name="uri.var.limit" />
				<property expression="$func:offset" name="uri.var.offset" />
				<property expression="$func:paidOnAfter" name="uri.var.paidOnAfter" />
						<call>
			<endpoint>
				<http method="post" uri-template="{uri.var.apiUrl}" />
			</endpoint>
		</call>
	</sequence>
</template>