<?xml version="1.0" encoding="UTF-8"?>

<!--
  ~ Copyright (c) 2015, WSO2 Inc. (http://www.wso2.org) All Rights Reserved.
  ~
  ~   WSO2 Inc. licenses this file to you under the Apache License,
  ~   Version 2.0 (the "License"); you may not use this file except
  ~   in compliance with the License.
  ~   You may obtain a copy of the License at
  ~
  ~     http://www.apache.org/licenses/LICENSE-2.0
  ~
  ~  Unless required by applicable law or agreed to in writing,
  ~  software distributed under the License is distributed on an
  ~  "AS IS" BASIS, WITHOUT WARRANTIES OR CONDITIONS OF ANY
  ~  KIND, either express or implied.  See the License for the
  ~  specific language governing permissions and limitations
  ~  under the License.
  -->

<template name="deleteLabel" xmlns="http://ws.apache.org/ns/synapse">
    <parameter name="id" description="The ID of the message to retrieve"/>
    <sequence>
        <property name="uri.var.id" expression="$func:id"/>
        <header name="Authorization" expression="fn:concat('Bearer ',get-property('uri.var.access_token'))"
                scope="transport"/>
        <call>
            <endpoint>
                <http method="delete"
                      uri-template="{uri.var.apiUrl}/{uri.var.apiVersion}/users/{uri.var.userId}/labels/{uri.var.id}?{uri.var.parameters}"/>
            </endpoint>
        </call>
        <!-- Remove response custom header information -->
        <header name="x-li-format" scope="transport" action="remove"/>
        <header name="X-LI-UUID" scope="transport" action="remove"/>
        <header name="X-Li-Pop" scope="transport" action="remove"/>
        <header name="X-Li-Fabric" scope="transport" action="remove"/>
        <header name="x-li-request-id" scope="transport" action="remove"/>
    </sequence>
</template>