<?xml version="1.0" encoding="UTF-8"?>
<connector>
    <component name="gmail" package="org.wso2.carbon.connector" >
        <dependency component="messages"/>
        <dependency component="config"/>
        <dependency component="threads"/>
        <dependency component="labels"/>
        <dependency component="userHistory"/>
        <dependency component="userProfile"/>
        <dependency component="drafts"/>
        <description>wso2 gmail connector library</description>
    </component>
</connector>
